"","parent_key","value"
"1","DB00158","NC1=NC(=O)C2=NC(CNC3=CC=C(C=C3)C(=O)N[C@@H](CCC(O)=O)C(O)=O)=CN=C2N1"
"2","DB00171","NC1=NC=NC2=C1N=CN2[C@@H]1O[C@H](COP(O)(=O)OP(O)(=O)OP(O)(O)=O)[C@@H](O)[C@H]1O"
"3","DB00180","[H][C@@]12C[C@@]3([H])[C@]4([H])C[C@H](F)C5=CC(=O)C=C[C@]5(C)[C@@]4([H])[C@@H](O)C[C@]3(C)[C@@]1(OC(C)(C)O2)C(=O)CO"
"4","DB00182","CC(N)CC1=CC=CC=C1"
"5","DB00184","CN1CCC[C@H]1C1=CN=CC=C1"
"6","DB00199","CC[C@H]1OC(=O)[C@H](C)[C@@H](O[C@H]2C[C@@](C)(OC)[C@@H](O)[C@H](C)O2)[C@H](C)[C@@H](O[C@@H]2O[C@H](C)C[C@@H]([C@H]2O)N(C)C)[C@](C)(O)C[C@@H](C)C(=O)[C@H](C)[C@@H](O)[C@]1(C)O"
"7","DB00201","CN1C=NC2=C1C(=O)N(C)C(=O)N2C"
"8","DB00204","CN(CCOC1=CC=C(NS(C)(=O)=O)C=C1)CCC1=CC=C(NS(C)(=O)=O)C=C1"
"9","DB00210","COC1=C(C=C(C=C1)C1=CC2=C(C=C1)C=C(C=C2)C(O)=O)C12CC3CC(CC(C3)C1)C2"
"10","DB00213","COC1=C(OC)C(CS(=O)C2=NC3=C(N2)C=C(OC(F)F)C=C3)=NC=C1"
"11","DB00214","CC(C)NC(=O)NS(=O)(=O)C1=C(NC2=CC=CC(C)=C2)C=CN=C1"
"12","DB00215","CN(C)CCCC1(OCC2=C1C=CC(=C2)C#N)C1=CC=C(F)C=C1"
"13","DB00233","NC1=CC(O)=C(C=C1)C(O)=O"
"14","DB00241","CC(C)CC1(CC=C)C(=O)NC(=O)NC1=O"
"15","DB00244","NC1=CC(C(O)=O)=C(O)C=C1"
"16","DB00275","CCCC1=NC(=C(N1CC1=CC=C(C=C1)C1=C(C=CC=C1)C1=NN=NN1)C(O)=O)C(C)(C)O"
"17","DB00282","NCCC(O)(P(O)(O)=O)P(O)(O)=O"
"18","DB00287","CC(C)OC(=O)CCC\C=C/C[C@H]1[C@@H](O)C[C@@H](O)[C@@H]1\C=C\[C@@H](O)COC1=CC=CC(=C1)C(F)(F)F"
"19","DB00296","CCCN1CCCC[C@H]1C(=O)NC1=C(C)C=CC=C1C"
"20","DB00301","[H][C@]12SC(C)(C)[C@@H](N1C(=O)[C@H]2NC(=O)C1=C(C)ON=C1C1=C(Cl)C=CC=C1F)C(O)=O"
"21","DB00310","NS(=O)(=O)C1=C(Cl)C=CC(=C1)C1(O)NC(=O)C2=CC=CC=C12"
"22","DB00312","CCCC(C)C1(CC)C(=O)NC(=O)NC1=O"
"23","DB00314","[H][C@@]1(CCN=C(N)N1)[C@]1([H])NC(=O)\C(NC(=O)[C@H](CNC(=O)C[C@@H](N)CCCN)NC(=O)[C@H](C)NC(=O)[C@@H](N)CNC1=O)=C/NC(N)=O.[H][C@@]1(CCN=C(N)N1)[C@]1([H])NC(=O)\C(NC(=O)[C@H](CNC(=O)C[C@@H](N)CCCN)NC(=O)[C@H](CO)NC(=O)[C@@H](N)CNC1=O)=C/NC(N)=O"
"24","DB00319","[H][C@]12SC(C)(C)[C@@H](N1C(=O)[C@H]2NC(=O)[C@H](NC(=O)N1CCN(CC)C(=O)C1=O)C1=CC=CC=C1)C(O)=O"
"25","DB00323","CC1=CC=C(C=C1)C(=O)C1=CC(=C(O)C(O)=C1)[N+]([O-])=O"
"26","DB00327","[H][C@@]12OC3=C(O)C=CC4=C3[C@@]11CCN(C)[C@]([H])(C4)[C@]1([H])CCC2=O"
"27","DB00328","COC1=CC2=C(C=C1)N(C(=O)C1=CC=C(Cl)C=C1)C(C)=C2CC(O)=O"
"28","DB00333","CCC(=O)C(CC(C)N(C)C)(C1=CC=CC=C1)C1=CC=CC=C1"
"29","DB00334","CN1CCN(CC1)C1=NC2=CC=CC=C2NC2=C1C=C(C)S2"
"30","DB00337","[H][C@]1(CC[C@H](Cl)[C@@H](C1)OC)\C=C(/C)[C@@]1([H])OC(=O)[C@]2([H])CCCCN2C(=O)C(=O)[C@]2(O)O[C@@]([H])([C@H](C[C@H]2C)OC)[C@H](C[C@@H](C)C\C(C)=C\[C@@H](CC)C(=O)C[C@H](O)[C@H]1C)OC"
"31","DB00341","OC(=O)COCCN1CCN(CC1)C(C1=CC=CC=C1)C1=CC=C(Cl)C=C1"
"32","DB00344","CNCCCC1C2=CC=CC=C2C=CC2=CC=CC=C12"
"33","DB00358","OC(C1CCCCN1)C1=CC(=NC2=C1C=CC=C2C(F)(F)F)C(F)(F)F"
"34","DB00381","CCOC(=O)C1=C(COCCN)NC(C)=C(C1C1=CC=CC=C1Cl)C(=O)OC"
"35","DB00415","[H][C@]12SC(C)(C)[C@@H](N1C(=O)[C@H]2NC(=O)[C@H](N)C1=CC=CC=C1)C(O)=O"
"36","DB00418","CCCC(C)C1(CC=C)C(=O)NC(=O)NC1=O"
"37","DB00428","CN(N=O)C(=O)N[C@H]1[C@@H](O)O[C@H](CO)[C@@H](O)[C@@H]1O"
"38","DB00437","OC1=NC=NC2=C1C=NN2"
"39","DB00448","CC1=C(OCC(F)(F)F)C=CN=C1CS(=O)C1=NC2=CC=CC=C2N1"
"40","DB00451","N[C@@H](CC1=CC(I)=C(OC2=CC(I)=C(O)C(I)=C2)C(I)=C1)C(O)=O"
"41","DB00454","CCOC(=O)C1(CCN(C)CC1)C1=CC=CC=C1"
"42","DB00456","[H][C@@]1(NC(=O)CC2=CC=CS2)C(=O)N2C(C(O)=O)=C(COC(C)=O)CS[C@]12[H]"
"43","DB00458","CN(C)CCCN1C2=CC=CC=C2CCC2=CC=CC=C12"
"44","DB00461","COC1=CC2=C(C=C1)C=C(CCC(C)=O)C=C2"
"45","DB00482","CC1=CC=C(C=C1)C1=CC(=NN1C1=CC=C(C=C1)S(N)(=O)=O)C(F)(F)F"
"46","DB00495","CC1=CN([C@H]2C[C@H](N=[N+]=[N-])[C@@H](CO)O2)C(=O)NC1=O"
"47","DB00501","CN\C(NCCSCC1=C(C)NC=N1)=N\C#N"
"48","DB00532","CCC1(NC(=O)N(C)C1=O)C1=CC=CC=C1"
"49","DB00547","[H][C@@]12C[C@@H](C)[C@H](C(=O)CO)[C@@]1(C)C[C@H](O)[C@@]1(F)[C@@]2([H])CCC2=CC(=O)C=C[C@]12C"
"50","DB00552","OC[C@H]1O[C@H](C[C@@H]1O)N1C=NC2=C1N=CNC[C@H]2O"
"51","DB00564","NC(=O)N1C2=CC=CC=C2C=CC2=CC=CC=C12"
"52","DB00570","[H][C@@]12N(C)C3=CC(OC)=C(C=C3[C@@]11CCN3CC=C[C@@](CC)([C@@H](OC(C)=O)[C@]2(O)C(=O)OC)[C@@]13[H])[C@]1(C[C@@]2([H])CN(C[C@](O)(CC)C2)CCC2=C1NC1=C2C=CC=C1)C(=O)OC"
"53","DB00586","OC(=O)CC1=CC=CC=C1NC1=C(Cl)C=CC=C1Cl"
"54","DB00598","CC(CCC1=CC=CC=C1)NCC(O)C1=CC(C(N)=O)=C(O)C=C1"
"55","DB00606","NS(=O)(=O)C1=C(Cl)C=C2NC(NS(=O)(=O)C2=C1)C1CC2CC1C=C2"
"56","DB00608","CCN(CC)CCCC(C)NC1=CC=NC2=CC(Cl)=CC=C12"
"57","DB00614","[O-][N+](=O)C1=CC=C(O1)\C=N\N1CCOC1=O"
"58","DB00624","[H][C@@]12CC[C@H](O)[C@@]1(C)CC[C@@]1([H])[C@@]2([H])CCC2=CC(=O)CC[C@]12C"
"59","DB00625","FC(F)(F)[C@]1(OC(=O)NC2=C1C=C(Cl)C=C2)C#CC1CC1"
"60","DB00627","OC(=O)C1=CN=CC=C1"
"61","DB00652","C[C@H]1[C@H]2CC3=CC=C(O)C=C3[C@]1(C)CCN2CC=C(C)C"
"62","DB00655","[H][C@@]12CCC(=O)[C@@]1(C)CC[C@]1([H])C3=C(CC[C@@]21[H])C=C(O)C=C3"
"63","DB00668","CNC[C@H](O)C1=CC(O)=C(O)C=C1"
"64","DB00675","CC\C(=C(/C1=CC=CC=C1)C1=CC=C(OCCN(C)C)C=C1)C1=CC=CC=C1"
"65","DB00703","CN1N=C(S\C1=N\C(C)=O)S(N)(=O)=O"
"66","DB00741","[H][C@@]12CC[C@](O)(C(=O)CO)[C@@]1(C)C[C@H](O)[C@@]1([H])[C@@]2([H])CCC2=CC(=O)CC[C@]12C"
"67","DB00742","OC[C@@H](O)[C@@H](O)[C@H](O)[C@H](O)CO"
"68","DB00749","CCC1=C2NC3=C(CCOC3(CC)CC(O)=O)C2=CC=C1"
"69","DB00754","CCN1C(=O)NC(C1=O)C1=CC=CC=C1"
"70","DB00762","CCC1=C2CN3C(=CC4=C(COC(=O)[C@]4(O)CC)C3=O)C2=NC2=CC=C(OC(=O)N3CCC(CC3)N3CCCCC3)C=C12"
"71","DB00770","CCCCC[C@H](O)\C=C\[C@H]1[C@H](O)CC(=O)[C@@H]1CCCCCCC(O)=O"
"72","DB00774","NS(=O)(=O)C1=CC2=C(NCNS2(=O)=O)C=C1C(F)(F)F"
"73","DB00775","CCCCS(=O)(=O)N[C@@H](CC1=CC=C(OCCCCC2CCNCC2)C=C1)C(O)=O"
"74","DB00777","CCC(=O)C1=CC2=C(SC3=CC=CC=C3N2CC(C)N(C)C)C=C1"
"75","DB00780","NNCCC1=CC=CC=C1"
"76","DB00790","[H][C@]12C[C@H](N(C(=O)[C@H](C)N[C@@H](CCC)C(=O)OCC)[C@@]1([H])CCCC2)C(O)=O"
"77","DB00795","OC(=O)C1=CC(=CC=C1O)\N=N\C1=CC=C(C=C1)S(=O)(=O)NC1=NC=CC=C1"
"78","DB00800","OC1=CC=C(C=C1)C1CNCCC2=C(Cl)C(O)=C(O)C=C12"
"79","DB00802","CCN1N=NN(CCN2CCC(COC)(CC2)N(C(=O)CC)C2=CC=CC=C2)C1=O"
"80","DB00813","CCC(=O)N(C1CCN(CCC2=CC=CC=C2)CC1)C1=CC=CC=C1"
"81","DB00814","CN1C(C(=O)NC2=NC=C(C)S2)=C(O)C2=C(C=CC=C2)S1(=O)=O"
"82","DB00830","CC1NCCOC1C1=CC=CC=C1"
"83","DB00836","CN(C)C(=O)C(CCN1CCC(O)(CC1)C1=CC=C(Cl)C=C1)(C1=CC=CC=C1)C1=CC=CC=C1"
"84","DB00843","COC1=C(OC)C=C2C(=O)C(CC3CCN(CC4=CC=CC=C4)CC3)CC2=C1"
"85","DB00845","CC(C)N=C1C=C2N(C3=CC=C(Cl)C=C3)C3=C(C=CC=C3)N=C2C=C1NC1=CC=C(Cl)C=C1"
"86","DB00851","CN(C)\N=N\C1=C(N=CN1)C(N)=O"
"87","DB00852","CN[C@@H](C)[C@@H](O)C1=CC=CC=C1"
"88","DB00853","CN1N=NC2=C(N=CN2C1=O)C(N)=O"
"89","DB00862","CCCC1=NC(C)=C2N1NC(=NC2=O)C1=C(OCC)C=CC(=C1)S(=O)(=O)N1CCN(CC)CC1"
"90","DB00864","CO[C@@H]1C[C@@H](CC[C@H]1O)\C=C(/C)[C@H]1OC(=O)[C@@H]2CCCCN2C(=O)C(=O)[C@]2(O)O[C@@H]([C@H](C[C@H]2C)OC)[C@H](C[C@@H](C)C\C(C)=C\[C@@H](CC=C)C(=O)C[C@H](O)[C@H]1C)OC"
"91","DB00877","[H][C@@]1(C[C@@H](C)[C@]2([H])CC(=O)[C@H](C)\C=C(C)\[C@@H](O)[C@@H](OC)C(=O)[C@H](C)C[C@H](C)\C=C\C=C\C=C(C)\[C@H](C[C@]3([H])CC[C@@H](C)[C@@](O)(O3)C(=O)C(=O)N3CCCC[C@@]3([H])C(=O)O2)OC)CC[C@@H](O)[C@@H](C1)OC"
"92","DB00888","CN(CCCl)CCCl"
"93","DB00898","CCO"
"94","DB00909","NS(=O)(=O)CC1=NOC2=CC=CC=C12"
"95","DB00915","NC12CC3CC(CC(C3)C1)C2"
"96","DB00921","CO[C@]12CC[C@@]3(C[C@@H]1[C@](C)(O)C(C)(C)C)[C@H]1CC4=C5C(O[C@@H]2[C@@]35CCN1CC1CC1)=C(O)C=C4"
"97","DB00923","[H][C@]12SCC(CSC3=NN=NN3CC(O)=O)=C(N1C(=O)[C@H]2NC(=O)CC1=CC=CC=C1CN)C(O)=O"
"98","DB00938","OCC1=C(O)C=CC(=C1)C(O)CNCCCCCCOCCCCC1=CC=CC=C1"
"99","DB00945","CC(=O)OC1=CC=CC=C1C(O)=O"
"100","DB00959","[H][C@@]12CC[C@](O)(C(=O)CO)[C@@]1(C)C[C@H](O)[C@@]1([H])[C@@]2([H])C[C@H](C)C2=CC(=O)C=C[C@]12C"
"101","DB00970","[H][C@@]12CCCN1C(=O)[C@H](NC(=O)[C@@H](NC(=O)C1=C3N=C4C(OC3=C(C)C=C1)=C(C)C(=O)C(N)=C4C(=O)N[C@H]1[C@@H](C)OC(=O)[C@H](C(C)C)N(C)C(=O)CN(C)C(=O)[C@]3([H])CCCN3C(=O)[C@H](NC1=O)C(C)C)[C@@H](C)OC(=O)[C@H](C(C)C)N(C)C(=O)CN(C)C2=O)C(C)C"
"102","DB00985","CN1C2=C(N=C(Cl)N2)C(=O)N(C)C1=O.CN(C)CCOC(C1=CC=CC=C1)C1=CC=CC=C1"
"103","DB00995","CCP(CC)(CC)=[Au]S[C@@H]1O[C@H](COC(C)=O)[C@@H](OC(C)=O)[C@H](OC(C)=O)[C@H]1OC(C)=O"
"104","DB00998","CN[C@@H]1CCC2=C(C1)C1=C(N2)C=CC(=C1)C(N)=O"
"105","DB01011","CC(C)(C(=O)C1=CN=CC=C1)C1=CC=CN=C1"
"106","DB01017","[H][C@@]12CC3=C(C(O)=CC=C3N(C)C)C(=O)C1=C(O)[C@]1(O)C(=O)C(C(N)=O)=C(O)[C@@H](N(C)C)[C@]1([H])C2"
"107","DB01036","CC(C)N(CC[C@H](C1=CC=CC=C1)C1=C(O)C=CC(C)=C1)C(C)C"
"108","DB01037","C[C@H](CC1=CC=CC=C1)N(C)CC#C"
"109","DB01041","O=C1N(C2CCC(=O)NC2=O)C(=O)C2=CC=CC=C12"
"110","DB01047","[H][C@@]12C[C@@]3([H])[C@]4([H])C[C@H](F)C5=CC(=O)C=C[C@]5(C)[C@@]4(F)[C@@H](O)C[C@]3(C)[C@@]1(OC(C)(C)O2)C(=O)COC(C)=O"
"111","DB01050","CC(C)CC1=CC=C(C=C1)C(C)C(O)=O"
"112","DB01055","N[C@@H](CN1C=CC(=O)C(O)=C1)C(O)=O"
"113","DB01064","CC(C)NCC(O)C1=CC(O)=C(O)C=C1"
"114","DB01065","COC1=CC2=C(NC=C2CCNC(C)=O)C=C1"
"115","DB01079","CCCCCNC(=N)N\N=C\C1=CNC2=C1C=C(OC)C=C2"
"116","DB01095","CC(C)N1C(\C=C\[C@H](O)C[C@H](O)CC(O)=O)=C(C2=CC=C(F)C=C2)C2=CC=CC=C12"
"117","DB01104","CN[C@H]1CC[C@@H](C2=CC(Cl)=C(Cl)C=C2)C2=CC=CC=C12"
"118","DB01105","CC(C)CC(N(C)C)C1(CCC1)C1=CC=C(Cl)C=C1"
"119","DB01116","O=C1N(CC2=CC=CC=C2)C2C[S+]3CCCC3C2N1CC1=CC=CC=C1"
"120","DB01137","C[C@H]1COC2=C3N1C=C(C(O)=O)C(=O)C3=CC(F)=C2N1CCN(C)CC1"
"121","DB01138","O=C1C(CCS(=O)C2=CC=CC=C2)C(=O)N(N1C1=CC=CC=C1)C1=CC=CC=C1"
"122","DB01148","CC1=C(OC2=C(C=CC=C2C(=O)OCCN2CCCCC2)C1=O)C1=CC=CC=C1"
"123","DB01168","CNNCC1=CC=C(C=C1)C(=O)NC(C)C"
"124","DB01169","O=[As]O[As]=O"
"125","DB01176","CN1CCN(CC1)C(C1=CC=CC=C1)C1=CC=CC=C1"
"126","DB01183","OC1=CC=C2C[C@H]3N(CC=C)CC[C@@]45[C@@H](OC1=C24)C(=O)CC[C@@]35O"
"127","DB01184","ClC1=CC2=C(C=C1)N(C1CCN(CCCN3C(=O)NC4=CC=CC=C34)CC1)C(=O)N2"
"128","DB01215","ClC1=CC2=C(C=C1)N1C=NN=C1CN=C2C1=CC=CC=C1"
"129","DB01218","CCCCN(CCCC)CCC(O)C1=C2C=CC(=CC2=C2C=C(Cl)C=C(Cl)C2=C1)C(F)(F)F"
"130","DB01223","NCCN.CN1C2=C(NC=N2)C(=O)N(C)C1=O.CN1C2=C(NC=N2)C(=O)N(C)C1=O"
"131","DB01229","[H][C@]12[C@H](OC(=O)C3=CC=CC=C3)[C@]3(O)C[C@H](OC(=O)[C@H](O)[C@@H](NC(=O)C4=CC=CC=C4)C4=CC=CC=C4)C(C)=C([C@@H](OC(C)=O)C(=O)[C@]1(C)[C@@H](O)C[C@H]1OC[C@@]21OC(C)=O)C3(C)C"
"132","DB01234","[H][C@@]12C[C@@H](C)[C@](O)(C(=O)CO)[C@@]1(C)C[C@H](O)[C@@]1(F)[C@@]2([H])CCC2=CC(=O)C=C[C@]12C"
"133","DB01238","ClC1=CC=CC(N2CCN(CCCCOC3=CC4=C(CCC(=O)N4)C=C3)CC2)=C1Cl"
"134","DB01248","[H][C@@]1(C[C@@]2(O)[C@@H](OC(=O)C3=CC=CC=C3)[C@]3([H])[C@@]4(CO[C@@H]4C[C@H](O)[C@@]3(C)C(=O)[C@H](O)C(=C1C)C2(C)C)OC(C)=O)OC(=O)[C@H](O)[C@@H](NC(=O)OC(C)(C)C)C1=CC=CC=C1"
"135","DB01250","OC(=O)C1=CC(=CC=C1O)\N=N\C1=CC=C(O)C(=C1)C(O)=O"
"136","DB01254","CC1=NC(NC2=NC=C(S2)C(=O)NC2=C(C)C=CC=C2Cl)=CC(=N1)N1CCN(CCO)CC1"
"137","DB01255","C[C@@H](CC1=CC=CC=C1)NC(=O)[C@@H](N)CCCCN"
"138","DB01261","N[C@@H](CC(=O)N1CCN2C(C1)=NN=C2C(F)(F)F)CC1=CC(F)=C(F)C=C1F"
"139","DB01267","CC1=C(CCN2CCC(CC2)C2=NOC3=C2C=CC(F)=C3)C(=O)N2CCCC(O)C2=N1"
"140","DB01296","N[C@H]1C(O)O[C@H](CO)[C@@H](O)[C@@H]1O"
"141","DB01329","[H][C@]12SCC(CSC3=NN=NN3C)=C(N1C(=O)[C@@]2([H])NC(=O)[C@H](NC(=O)N1CCN(CC)C(=O)C1=O)C1=CC=C(O)C=C1)C(O)=O"
"142","DB01331","[H][C@]12SCC(COC(N)=O)=C(N1C(=O)[C@]2(NC(=O)CC1=CC=CS1)OC)C(O)=O"
"143","DB01357","[H][C@@]12CC[C@@](O)(C#C)[C@@]1(C)CC[C@]1([H])C3=C(CC[C@@]21[H])C=C(OC)C=C3"
"144","DB01367","C#CCN[C@@H]1CCC2=CC=CC=C12"
"145","DB01395","[H][C@@]12C[C@]1([H])[C@@]1([H])[C@]3([H])[C@]4([H])C[C@]4([H])[C@@]4(CCC(=O)O4)[C@@]3(C)CC[C@]1([H])[C@@]1(C)CCC(=O)C=C21"
"146","DB01399","OC(=O)C1=CC=CC=C1OC(=O)C1=CC=CC=C1O"
"147","DB01406","[H][C@@]12CC[C@@](O)(C#C)[C@@]1(C)CC[C@@]1([H])[C@@]2([H])CCC2=CC3=C(C[C@]12C)C=NO3"
"148","DB01407","CC(C)(C)NCC(O)C1=CC(Cl)=C(N)C(Cl)=C1"
"149","DB01411","O=C(NC1=C2OC(=CC(=O)C2=CC=C1)C1=NNN=N1)C1=CC=C(OCCCCC2=CC=CC=C2)C=C1"
"150","DB01418","CC(=O)CC(C1=CC=C(C=C1)[N+]([O-])=O)C1=C(O)C2=CC=CC=C2OC1=O"
"151","DB01424","CN(C)C1=C(C)N(C)N(C1=O)C1=CC=CC=C1"
"152","DB01427","NC1=CC(=CNC1=O)C1=CC=NC=C1"
"153","DB01442","COC1=CC(CC(C)N)=CC2=C1OCO2"
"154","DB01534","CC(CC(C)(C)O)OC(O)C(Cl)(Cl)Cl"
"155","DB01583","[Na+].[Na+].N[C@@H](CC1=CC(I)=C(OC2=CC(I)=C(O)C=C2)C(I)=C1)C([O-])=O.N[C@@H](CC1=CC(I)=C(OC2=CC(I)=C(O)C(I)=C2)C(I)=C1)C([O-])=O"
"156","DB01588","ClC1=CC2=C(C=C1)N(CC1CC1)C(=O)CN=C2C1=CC=CC=C1"
"157","DB01590","[H][C@@]1(C[C@@H](C)[C@]2([H])CC(=O)[C@H](C)\C=C(C)\[C@@H](O)[C@@H](OC)C(=O)[C@H](C)C[C@H](C)\C=C\C=C\C=C(C)\[C@H](C[C@]3([H])CC[C@@H](C)[C@@](O)(O3)C(=O)C(=O)N3CCCC[C@@]3([H])C(=O)O2)OC)CC[C@@H](OCCO)[C@@H](C1)OC"
"158","DB01592","[Fe]"
"159","DB01593","[Zn]"
"160","DB01600","CC(C(O)=O)C1=CC=C(S1)C(=O)C1=CC=CC=C1"
"161","DB01609","OC(=O)C1=CC=C(C=C1)N1N=C(N=C1C1=CC=CC=C1O)C1=CC=CC=C1O"
"162","DB01611","CCN(CCO)CCCC(C)NC1=C2C=CC(Cl)=CC2=NC=C1"
"163","DB01645","OC1=CC=C(C=C1)C1=COC2=C(C(O)=CC(O)=C2)C1=O"
"164","DB01678","CC(=O)N[C@@H](CC1=CC=C(OP(O)(O)=O)C(C=O)=C1)C(=O)N[C@H]1CCCCN(CC2=CC=C(C=C2)C2=CC=CC=C2)C1=O"
"165","DB01863","O[C@H]1[C@@H](OP(O)(O)=O)[C@H](O)[C@@H](OP(O)(O)=O)[C@H](OP(O)(O)=O)[C@H]1OP(O)(O)=O"
"166","DB01866","[H][C@](C(O)=O)(C1=CC=CC=C1)S(O)(=O)=O"
"167","DB01893","[H][C@]1(COP(O)(=O)OP(O)(O)=O)O[C@@]([H])(N2C=NC3=C(NCC4=CC=CC=C4)N=CN=C23)[C@]([H])(O)[C@]1([H])O"
"168","DB01908","CC(=O)N[C@@H](CC1=CC=C(OCC(O)=O)C(=C1)P(O)(O)=O)C(=O)N[C@H]1CCCCN(CC2=CC=C(C=C2)C2=CC=CC=C2)C1=O"
"169","DB01915","N[C@@H](CSO)C(O)=O"
"170","DB01947","OP(O)(=O)OC1=C(C=O)C=CC=C1"
"171","DB01962","N[C@@H](CC1=CC=C(OP(O)(O)=O)C=C1)C(O)=O"
"172","DB02010","[H][C@]1(C[C@@]2([H])O[C@](C)(N3C4=CC=CC=C4C4=C5CNC(=O)C5=C5C6=CC=CC=C6N2C5=C34)[C@]1([H])OC)NC"
"173","DB02110","CC1=C(CCC(O)=O)C2=CC3=C(CCC(O)=O)C(C)=C4C=C5N6C(=CC7=C(C=C)C(C)=C8C=C1N2[Co]6(N34)N78)C(C)=C5C=C"
"174","DB02147","[O-][V]1(=O)O[V]([O-])(=O)O[V]([O-])(=O)O[V]([O-])(=O)O1"
"175","DB02169","[H]\C(=C(\[H])[C@@]1([H])CC[C@@]2(CC[C@@]3([H])O[C@@]([H])(C(=C)[C@@]([H])(O)[C@]3([H])O2)[C@@]([H])(O)C[C@]([H])(C)[C@@]2([H])O[C@@]3(CCCCO3)CC[C@@]2([H])C)O1)[C@@]([H])(C)[C@]1([H])CC(C)=C[C@@]2(O[C@]([H])(C[C@@](C)(O)C(O)=O)CC[C@@]2([H])O)O1"
"176","DB02175","OC(=O)CC(O)=O"
"177","DB02224","O[C@@H]1[C@H](OC2=CC(O)=CC(O)=C2C1=O)C1=CC=C(O)C(O)=C1"
"178","DB02304","CCCCC[C@H](O)\C=C\C1=C(C\C=C/CCCC(O)=O)C(=O)CC1"
"179","DB02322","[H][C@]1(O)O[C@]([H])(COS([O-])(=O)=O)[C@@]([H])(O[C@]2([H])OC(=C[C@]([H])(O)[C@@]2([H])OS([O-])(=O)=O)C([O-])=O)[C@]([H])(O)[C@@]1([H])NS([O-])(=O)=O"
"180","DB02336","CC(=O)N[C@@H](CC1=CC(=C(C=C1)P(O)(O)=O)P(O)(O)=O)C(=O)N[C@H]1CCCCN(CC2=CC=C(C=C2)C2=CC=CC=C2)C1=O"
"181","DB02353","[H][C@]1(O)O[C@]([H])(CO)[C@@]([H])(O[C@]2([H])OC(=C[C@]([H])(O)[C@@]2([H])OS([O-])(=O)=O)C([O-])=O)[C@]([H])(O)[C@@]1([H])NS([O-])(=O)=O"
"182","DB02375","OC1=CC(O)=C2C(OC(=C(O)C2=O)C2=CC(O)=C(O)C(O)=C2)=C1"
"183","DB02379","OC[C@H]1O[C@@H](O)[C@H](O)[C@@H](O)[C@@H]1O"
"184","DB02432","COC(=O)C1=C(C=CC(C[C@H](NC(C)=O)C(=O)N[C@H]2CCCCN(CC3=CC=C(C=C3)C3=CC=CC=C3)C2=O)=C1)C(F)(C(O)=O)C(O)=O"
"185","DB02506","[H][C@@](C)(CC[C@]([H])(N)[C@]([H])(C)C(O)=O)C[C@]([H])(C)[C@]([H])(CC1=CC=CC=C1)OC"
"186","DB02709","OC1=CC=C(\C=C\C2=CC(O)=CC(O)=C2)C=C1"
"187","DB02740","OC(=O)CCCC1=CNC2=C1C=CC=C2"
"188","DB02762","OP(O)(=O)OC1=CC=CC2=CC=C(N=C12)C#N"
"189","DB02763","OC(=O)C1=CC(S)=CC=C1[N+]([O-])=O"
"190","DB02779","CCCCCCCCCCCC[N+](C)(C)C"
"191","DB02860","[H][C@@]1(O[C@]2(C[C@@H](O)[C@H](C)[C@H](C\C=C\C3=COC(=N3)[C@@H](C)CCNC(=O)[C@@H](O)[C@@H](O)[C@H](COC)N(C)C)O2)C(C)(C)[C@H]1OP(O)(O)=O)[C@H](C[C@H](O)[C@H](C)[C@H](O)[C@H](C)\C=C(/C)\C(\C)=C\C=C\C(\C)=C/C#N)OC"
"192","DB02908","OP(O)(=O)C(C1=CC=CC=C1)P(O)(O)=O"
"193","DB02987","N[C@@H](CSCC(N)=O)C(O)=O"
"194","DB03023","CC(C)(C)N1[NH+]=C(C2=C1N=CN=C2N)C1=CC=C(Cl)C=C1"
"195","DB03078","O[P@@](=O)(OCC1=CC=CC=C1)OC1=C(C=O)C=CC=C1"
"196","DB03104","CC(=O)N\C(=C/C1=CC=C(CC(O)=O)C(C=O)=C1)C(=O)N[C@H]1CCCCN(CC2=CC=C(C=C2)C2=CC=CC=C2)C1=O"
"197","DB03114","O[P@@](=O)(OCC1CCCCC1)OC1=C(C=O)C=CC=C1"
"198","DB03124","[H][C@@](CC(O)=O)(NC(=O)C1=CC=C(CNS(=O)(=O)C2=CC(C(O)=O)=C(O)C=C2)C=C1)C(C)=O"
"199","DB03217","[H][C@@](O)(C1=CC=CC2=CC=CC=C12)P(O)(O)=O"
"200","DB03268","CC(=O)N[C@@H](CC1=CC(C=O)=C(C=C1)C(O)=O)C(=O)N[C@H]1CCCCN(CC2=CC=C(C=C2)C2=CC=CC=C2)C1=O"
"201","DB03298","OP(O)(=O)OC1=CC=CC=C1"
"202","DB03306","COC1=CC=CC(C=O)=C1OP(O)(O)=O"
"203","DB03317","CC(S)C1=C2C=C3C(C)=C(C(C)S)C4=[N+]3[Fe--]35N6C(=C4)C(C)=C(CCC(O)=O)C6=CC4=[N+]3C(=CC(N25)=C1C)C(C)=C4CCC(O)=O"
"204","DB03347","CCOP(=O)(OCC)OCC"
"205","DB03366","N1C=CN=C1"
"206","DB03374","[H][C@](N)(CC1=CC(I)=C(O)C(I)=C1)C(O)=O"
"207","DB03507","[O-][N+](=O)C1=CC(=CC=C1)C1=CC2=C(S1)C=C1N2C(=S)N(CCCN2CCOCC2)C1=O"
"208","DB03525","OP(O)(=O)OC1=C2NCCCC2=CC=C1"
"209","DB03591","CC(=O)N[C@@H](CC1=CC=C(C=C1)C(F)(F)P(O)(O)=O)C(=O)N[C@H]1CCCCN(CC2=CC=C(C=C2)C2=CC=CC=C2)C1=O"
"210","DB03628","CCC1=CC=C(NC(=O)P(O)(O)=O)C=C1"
"211","DB03712","CC(=O)N[C@@H](CC1=CC(C(O)=O)=C(CC(O)=O)C=C1)C(=O)N[C@H]1CCCCN(CC2=CC=C(C=C2)C2=CC=CC=C2)C1=O"
"212","DB03828","CC1=CC(C=O)=C(OP(O)(O)=O)C(C=O)=C1"
"213","DB03902","OC(=O)C(O)=O"
"214","DB03934","[Zn++].CC1=C(CCC(O)=O)/C2=C/C3=N/C(=C\C4=C(C=C)C(C)=C([N-]4)/C=C4\N=C(\C=C\1/[N-]\2)C(C)=C4C=C)/C(C)=C3CCC(O)=O"
"215","DB03963","[H][C@](N)(CS[As](C)C)C(O)=O"
"216","DB03977","C[N+](C)(C)CCCC[C@H](N)C(O)=O"
"217","DB04080","OC(=O)C(C(O)=O)C1=CC=CC=C1"
"218","DB04137","NC1=NC2=C(N=CN2[C@@H]2O[C@H](COP(O)(=O)OP(O)(=O)OP(O)(O)=O)[C@@H](O)[C@H]2O)C(=O)N1"
"219","DB04249","[Zn+4].[H]\C(C)=C1\C(C)=C2[N-]\C\1=C([H])/C1=C(C)C(=C([H])C)\C([N-]1)=C([H])\C1=C(C)C(CCC(O)=O)=C([N-]1)\C([H])=C1/[N-]\C(=C/2\[H])C(C)=C1CCC(O)=O"
"220","DB04272","OC(=O)CC(O)(CC(O)=O)C(O)=O"
"221","DB04315","NC1=NC2=C(N=CN2[C@@H]2O[C@H](COP(O)(=O)OP(O)(O)=O)[C@@H](O)[C@H]2O)C(=O)N1"
"222","DB04464","[H]C(=O)N[C@@H](CCSC)C(O)=O"
"223","DB04495","CC(=O)N[C@@H](CC1=CC=C(OP(O)(O)=O)C=C1)C(=O)N[C@H]1CCCCN(CC2=CC=C(C=C2)C2=CC=CC=C2)C1=O"
"224","DB04572","S=P(N1CC1)(N1CC1)N1CC1"
"225","DB04574","[H][C@@]12CCC(=O)[C@@]1(C)CC[C@]1([H])C3=C(CC[C@@]21[H])C=C(OS(O)(=O)=O)C=C3"
"226","DB04716","CC(C)(C)C1=NC2=C3C=CNC(=O)C3=C3C=C(F)C=CC3=C2N1"
"227","DB04738","[H]N1[C@H](CCC(=O)N(C)\C(=C/C)C(=O)N([H])[C@H]([C@H](C)C(=O)N([H])[C@@H](C(C)C)C(=O)N([H])[C@@H](\C=C\C(\C)=C\[C@H](C)[C@H](CC2=CC=CC=C2)OC)[C@H](C)C1=O)C(O)=O)C(O)=O"
"228","DB04739","CN1CCN(CC2=CC=C(C=C2)C(=O)NC2=CC=CC(NC3=NC=CC(=N3)C3=CN=CC=C3)=C2)CC1"
"229","DB04743","CS(=O)(=O)NC1=C(OC2=CC=CC=C2)C=C(C=C1)[N+]([O-])=O"
"230","DB04751","[H][C@@](CO)(NC1=NC(NC2=CC=CC(Cl)=C2)=C2N=CN(C(C)C)C2=N1)C(C)C"
"231","DB04855","CCCCN(CCCC)CCCOC1=CC=C(C=C1)C(=O)C1=C(CCCC)OC2=C1C=C(NS(C)(=O)=O)C=C2"
"232","DB04863","[H][C@@]1(COC2=CC=C(C=C2)C2=CC=C(C=C2)C(=N)NC(=O)OC)C[C@@H](CC(=O)OC)C(=O)N1"
"233","DB04872","CN(C(C)=O)C1(CCN(CCC[C@@]2(CCCN(C2)C(=O)C2=CC=CC=C2)C2=CC(Cl)=C(Cl)C=C2)CC1)C1=CC=CC=C1"
"234","DB04896","CCN(CC)C(=O)C1(CC1CN)C1=CC=CC=C1"
"235","DB04974","CC[C@H](C(=O)N1CCCC[C@H]1C(=O)O[C@H](CCC1=CC=C(OC)C(OC)=C1)C1=CC(OCC(=O)NCCNC(=O)COC2=CC=CC(=C2)[C@@H](CCC2=CC=C(OC)C(OC)=C2)OC(=O)[C@@H]2CCCCN2C(=O)[C@@H](CC)C2=CC(OC)=C(OC)C(OC)=C2)=CC=C1)C1=CC(OC)=C(OC)C(OC)=C1"
"236","DB04998","[H][C@]1(O)C[C@@]([H])(O[C@]1([H])COP(O)(=O)O[C@@]1([H])C[C@@]([H])(O[C@]1([H])COP(O)(=O)O[C@@]1([H])C[C@@]([H])(O[C@]1([H])COP(O)(=O)O[C@@]1([H])C[C@@]([H])(O[C@]1([H])COP(O)(=O)O[C@@]1([H])C[C@@]([H])(O[C@]1([H])COP(O)(=O)O[C@@]1([H])C[C@@]([H])(O[C@]1([H])COP(O)(=O)O[C@@]1([H])C[C@@]([H])(O[C@]1([H])COP(O)(=O)O[C@@]1([H])C[C@@]([H])(O[C@]1([H])COP(O)(=O)O[C@@]1([H])C[C@@]([H])(O[C@]1([H])COP(O)(=O)O[C@@]1([H])C[C@@]([H])(O[C@]1([H])COP(O)(=O)O[C@@]1([H])C[C@@]([H])(O[C@]1([H])COP(O)(=O)O[C@@]1([H])C[C@@]([H])(O[C@]1([H])COP(O)(=O)O[C@@]1([H])C[C@@]([H])(O[C@]1([H])COP(O)(=O)O[C@@]1([H])C[C@@]([H])(O[C@]1([H])COP(O)(=O)O[C@@]1([H])C[C@@]([H])(O[C@]1([H])COP(O)(=O)O[C@@]1([H])C[C@@]([H])(O[C@]1([H])COP(O)(=O)O[C@@]1([H])C[C@@]([H])(O[C@]1([H])COP(O)(=O)O[C@@]1([H])C[C@@]([H])(O[C@]1([H])COP(O)(=O)O[C@@]1([H])C[C@@]([H])(O[C@]1([H])COP(O)(=O)O[C@@]1([H])C[C@@]([H])(O[C@]1([H])COP(O)(=O)O[C@@]1([H])C[C@@]([H])(O[C@]1([H])COP(O)(=O)O[C@@]1([H])C[C@@]([H])(O[C@]1([H])COP(O)(=O)O[C@@]1([H])C[C@@]([H])(O[C@]1([H])COP(O)(=O)O[C@@]1([H])C[C@@]([H])(O[C@]1([H])COP(O)(=O)O[C@@]1([H])C[C@@]([H])(O[C@]1([H])COP(O)(=O)OC1([H])CC([H])(OC1([H])CO)N1C=NC2=C1NC(=N)N=C2O)N1C=NC2=C1NC(=N)N=C2O)N1C=C(C)C(O)=NC1=O)N1C=NC2=C1NC(=N)N=C2O)N1C=NC2=C1NC(=N)N=C2O)N1C=C(C)C(O)=NC1=O)N1C=NC2=C1NC(=N)N=C2O)N1C=NC2=C1NC(=N)N=C2O)N1C=C(C)C(O)=NC1=O)N1C=NC2=C1NC(=N)N=C2O)N1C=NC2=C1NC(=N)N=C2O)N1C=C(C)C(O)=NC1=O)N1C=C(C)C(O)=NC1=O)N1C=NC2=C1NC(=N)N=C2O)N1C=C(C)C(O)=NC1=O)N1C=NC2=C1NC(=N)N=C2O)N1C=NC2=C1NC(=N)N=C2O)N1C=C(C)C(O)=NC1=O)N1C=NC2=C1NC(=N)N=C2O)N1C=NC2=C1NC(=N)N=C2O)N1C=C(C)C(O)=NC1=O)N1C=NC2=C1NC(=N)N=C2O)N1C=NC2=C1NC(=N)N=C2O)N1C=C(C)C(O)=NC1=O)N1C=NC2=C1NC(=N)N=C2O)N1C=NC2=C1NC(=N)N=C2O"
"237","DB05212","[H][C@@]12CC[C@@](O)(C#C)[C@@]1(C)CC[C@@]1([H])[C@@]2([H])[C@@H](O)C=C2C[C@@H](O)CC[C@]12C"
"238","DB05239","OC1(CN(C1)C(=O)C1=C(NC2=C(F)C=C(I)C=C2)C(F)=C(F)C=C1)[C@@H]1CCCCN1"
"239","DB05246","CN1C(=O)CC(C)(C1=O)C1=CC=CC=C1"
"240","DB05260","[Ga+3].[O-][N+]([O-])=O.[O-][N+]([O-])=O.[O-][N+]([O-])=O"
"241","DB05289","C[C@@H](C(O)=O)C1=CC(F)=C(C=C1)C1=CC=CC=C1"
"242","DB05297","CC\C=C/C\C=C/C\C=C/C\C=C/C\C=C/C\C=C/CCC(=O)O[C@@H](C(=O)O[C@H]1C[C@@]2(O)[C@@H](OC(=O)C3=CC=CC=C3)[C@@]3([H])[C@@](C)([C@@H](O)C[C@@]4([H])OC[C@@]34OC(=O)C)C(=O)[C@H](OC(=O)C)C(=C1C)C2(C)C)[C@@H](NC(=O)C1=CC=CC=C1)C1=CC=CC=C1"
"243","DB05408","C[C@H](NC(=O)C(=O)NC1=C(C=CC=C1)C(C)(C)C)C(=O)N[C@@H](CC(O)=O)C(=O)COC1=C(F)C(F)=CC(F)=C1F"
"244","DB05412","[H][C@]1(C)CN(C(=O)C2=C(Cl)C=C3N(C)C=C(C(=O)C(=O)N(C)C)C3=C2)[C@]([H])(C)CN1CC1=CC=C(F)C=C1"
"245","DB05442","[H][C@@]12CC[C@](OC(=O)C(Cl)Cl)(C(=O)OCC)[C@@]1(C)C[C@H](O)[C@@]1([H])[C@@]2([H])CCC2=CC(=O)C=C[C@]12C"
"246","DB05470","NC(=O)N(C1=CC=C(C(N)=O)C(=N1)C1=CC=C(F)C=C1F)C1=C(F)C=CC=C1F"
"247","DB05475","N[C@H](CCC(=O)N[C@@H](CC1=CNC2=CC=CC=C12)C(O)=O)C(O)=O"
"248","DB05487","COCCO[C@@H]1[C@H](O)[C@@H](COP(S)(=O)O[C@@H]2[C@@H](COP(S)(=O)O[C@@H]3[C@@H](COP(S)(=O)O[C@@H]4[C@@H](COP(S)(=O)O[C@H]5C[C@@H](O[C@@H]5COP(S)(=O)O[C@H]5C[C@@H](O[C@@H]5COP(S)(=O)O[C@H]5C[C@@H](O[C@@H]5COP(S)(=O)O[C@H]5C[C@@H](O[C@@H]5COP(S)(=O)O[C@H]5C[C@@H](O[C@@H]5COP(S)(=O)O[C@H]5C[C@@H](O[C@@H]5COP(S)(=O)O[C@H]5C[C@@H](O[C@@H]5COP(S)(=O)O[C@H]5C[C@@H](O[C@@H]5COP(S)(=O)O[C@H]5C[C@@H](O[C@@H]5COP(S)(=O)O[C@H]5C[C@@H](O[C@@H]5COP(S)(=O)O[C@H]5C[C@@H](O[C@@H]5COP(S)(=O)O[C@H]5C[C@@H](O[C@@H]5COP(S)(=O)O[C@H]5C[C@@H](O[C@@H]5COP(S)(=O)O[C@@H]5[C@@H](COP(S)(=O)O[C@@H]6[C@@H](COP(S)(=O)O[C@@H]7[C@@H](COP(S)(=O)O[C@@H]8[C@@H](CO)O[C@H]([C@@H]8OCCOC)N8C=C(C)C(N)=NC8=O)O[C@H]([C@@H]7OCCOC)N7C=NC8=C7N=CN=C8N)O[C@H]([C@@H]6OCCOC)N6C=NC7=C6N=C(N)NC7=O)O[C@H]([C@@H]5OCCOC)N5C=C(C)C(N)=NC5=O)N5C=NC6=C5N=CN=C6N)N5C=NC6=C5N=C(N)NC6=O)N5C=CC(N)=NC5=O)N5C=NC6=C5N=CN=C6N)N5C=NC6=C5N=C(N)NC6=O)N5C=NC6=C5N=CN=C6N)N5C=NC6=C5N=C(N)NC6=O)N5C=C(C)C(=O)NC5=O)N5C=CC(N)=NC5=O)N5C=C(C)C(=O)NC5=O)N5C=C(C)C(=O)NC5=O)N5C=CC(N)=NC5=O)N5C=NC6=C5N=CN=C6N)O[C@H]([C@@H]4OCCOC)N4C=C(C)C(=O)NC4=O)O[C@H]([C@@H]3OCCOC)N3C=C(C)C(N)=NC3=O)O[C@H]([C@@H]2OCCOC)N2C=NC3=C2N=CN=C3N)O[C@H]1N1C=C(C)C(=O)NC1=O"
"249","DB05513","CCCC1(CCC)CCC2(CCN(CCCN(CC)CC)C2)CC1"
"250","DB05541","CCC[C@H]1CN([C@@H](CC)C(N)=O)C(=O)C1"
"251","DB05552","NC1=NC(N)=C2N=C(C3=CC=CC(O)=C3)C(=NC2=N1)C1=CC(O)=CC=C1"
"252","DB05767","[H][C@]12CCC(=C)[C@@H](C\C=C3/[C@H](O)COC3=O)[C@]1(C)CC[C@@H](O)[C@@]2(C)CO"
"253","DB05804","[H][C@@]12CCC(=O)[C@@]1(C)CC[C@@]1([H])[C@@]2([H])CC=C2C[C@H](CC[C@]12C)OS(O)(=O)=O"
"254","DB05869","CCOC(=O)C(C)=O"
"255","DB05968","CS(=O)(=O)OCCN(CCBr)C1=C(C=C(C=C1[N+]([O-])=O)[N+]([O-])=O)C(=O)NCCOP(O)(O)=O"
"256","DB05983","COC(=O)[C@]12CCC(C)(C)C[C@H]1[C@H]1C(=O)C=C3[C@@]4(C)C=C(C#N)C(=O)C(C)(C)[C@@H]4CC[C@@]3(C)[C@]1(C)CC2"
"257","DB05992","CC(C)(C)C1=C(\C=C2/NC(=O)\C(NC2=O)=C\C2=CC=CC=C2)N=CN1"
"258","DB06083","CC(C)C1=C(O)C=C(\C=C\C2=CC=CC=C2)C=C1O"
"259","DB06137","O=C(CC1=CC=C(C=N1)C1=CC=C(OCCN2CCOCC2)C=C1)NCC1=CC=CC=C1"
"260","DB06151","CC(=O)N[C@@H](CS)C(O)=O"
"261","DB06152","CC(CCC1=CC=CC=C1)NC(C)C(O)C1=CC=C(O)C=C1"
"262","DB06200","C(C1CC1)N1CC2CN(CC3CC3)CC(C1)C21CCCC1"
"263","DB06233","CO[C@@H]1C[C@H](C[C@@H](C)[C@@H]2CC(=O)[C@H](C)\C=C(C)\[C@@H](O)[C@@H](OC)C(=O)[C@H](C)C[C@H](C)\C=C\C=C\C=C(C)\[C@H](C[C@@H]3CC[C@@H](C)[C@@](O)(O3)C(=O)C(=O)N3CCCC[C@H]3C(=O)O2)OC)CC[C@H]1OP(C)(C)=O"
"264","DB06255","OP(O)(=O)C(NC1CCCCCC1)P(O)(O)=O"
"265","DB06268","CC1=NOC(NS(=O)(=O)C2=C(SC=C2)C(=O)CC2=CC3=C(OCO3)C=C2C)=C1Cl"
"266","DB06287","OCC(C)(CO)C(=O)O[C@@H]1CC[C@@H](C[C@@H](C)[C@]2([H])CC(=O)[C@H](C)\C=C(C)\[C@@H](O)[C@@H](OC)C(=O)[C@H](C)C[C@H](C)\C=C\C=C\C=C(C)\[C@@H](OC)C[C@]3([H])CC[C@@H](C)[C@@](O)(O3)C(=O)C(=O)N3CCCC[C@H]3C(=O)O2)C[C@H]1OC"
"267","DB06307","C[C@]12CC[C@H]3[C@@H](CC[C@H]4C[C@H](O)CC[C@]34C)[C@@H]1CC[C@@]2(O)C#C"
"268","DB06335","[H][C@@]12C[C@]1([H])N([C@@H](C2)C#N)C(=O)[C@@H](N)C12CC3CC(CC(O)(C3)C1)C2"
"269","DB06410","[H][C@@]1(CC[C@@]2([H])\C(CCC[C@]12C)=C\C=C1\C[C@@H](O)C[C@H](O)C1=C)[C@H](C)\C=C\[C@H](C)C(C)C"
"270","DB06413","NC(=O)C[S@@](=O)C(C1=CC=CC=C1)C1=CC=CC=C1"
"271","DB06444","CCCCCCC(C)(C)C1=CC(O)=C2[C@H]3CC(CO)=CC[C@@H]3C(C)(C)OC2=C1"
"272","DB06472","NC(=N)C1=CC=C(C=C1)C1=CC=C(OC[C@@H]2C[C@@H](CC(O)=O)C(=O)N2)C=C1"
"273","DB06486","CN1C=C(C2=CC=CC=C12)C1=C(C(=O)NC1=O)C1=CN(C2CCN(CC3=CC=CC=N3)CC2)C2=CC=CC=C12"
"274","DB06521","CC1=C(C)C2=C(C3=CC(C)=C(O[C@H](CC4=CC=CC=C4)C(O)=O)C(C)=C3)C3=CC=CC=C3C(Br)=C2S1"
"275","DB06543","C\C(\C=C\C=C(/C)\C=C\C1=C(C)C(=O)[C@@H](O)CC1(C)C)=C/C=C/C=C(\C)/C=C/C=C(\C)/C=C/C1=C(C)C(=O)[C@@H](O)CC1(C)C"
"276","DB06579","CCCC1=C(CN2C=CN=C2C2=C(F)C=CC=N2)N=CN2N=C(C)N=C12"
"277","DB06605","COC1=CC=C(C=C1)N1N=C(C(N)=O)C2=C1C(=O)N(CC2)C1=CC=C(C=C1)N1CCCCC1=O"
"278","DB06616","COC1=CC(NC2=C(C=NC3=CC(OCCCN4CCN(C)CC4)=C(OC)C=C23)C#N)=C(Cl)C=C1Cl"
"279","DB06641","CCCCCCCCCCCCCCCCCCOP([O-])(=O)OC1CC[N+](C)(C)CC1"
"280","DB06695","CCCCCCOC(=O)\N=C(\N)C1=CC=C(NCC2=NC3=C(C=CC(=C3)C(=O)N(CCC(=O)OCC)C3=NC=CC=C3)N2C)C=C1"
"281","DB06696","NCC[C@H](O)C(=O)N[C@@H]1C[C@H](N)[C@@H](O[C@H]2O[C@H](CN)CC[C@H]2N)[C@H](O)[C@H]1O[C@H]1O[C@H](CO)[C@@H](O)[C@H](N)[C@H]1O"
"282","DB06713","[H][C@@]12CC[C@@](O)(C#C)[C@@]1(CC)CC[C@]1([H])[C@@]3([H])CCC(C=C3CC[C@@]21[H])=NO"
"283","DB06723","[OH-].[OH-].[OH-].[Al+3]"
"284","DB06736","OC(=O)COC(=O)CC1=CC=CC=C1NC1=C(Cl)C=CC=C1Cl"
"285","DB06756","C[N+](C)(C)CC([O-])=O"
"286","DB06757","[Mn++]"
"287","DB06774","COC1=C(O)C=CC(CNC(=O)CCCC\C=C\C(C)C)=C1"
"288","DB06777","[H][C@@]1(CC[C@@]2([H])[C@]3([H])[C@H](O)C[C@]4([H])C[C@H](O)CC[C@]4(C)[C@@]3([H])CC[C@]12C)[C@H](C)CCC(O)=O"
"289","DB06824","NCCNCCNCCN"
"290","DB06831","COC1=CC=CC=C1N1C(=O)C2=C(Cl)C=CC=C2N=C1CSC1=C2N=CNC2=NC=N1"
"291","DB06834","CN1C=C(C2=CC3=CC=CN=C3N2)C2=CC(=CC=C12)C(=O)NC(C)(C)CO"
"292","DB06862","OC(=O)C1=C(O)C=CC(=C1)S(=O)(=O)NCCS"
"293","DB06882","CC(C)(C)C1=NN(C(NC(=O)NC2=C3C=CC=CC3=CC=C2)=C1)C1=CC=CC(N)=C1"
"294","DB06883","CC(C)(C)C1=NN(C(NC(=O)NC2=CC=CC=C2)=C1)C1=CC=CC(N)=C1"
"295","DB07108","OC(=O)C1=CC=C(C=C1)C1=CC=C(F)C=C1"
"296","DB07159","COC1=CC(NC2=NC=C(F)C(NC3=CC=C4OC(C)(C)C(=O)NC4=N3)=N2)=CC(OC)=C1OC"
"297","DB07161","NC1=NNC2=CC=C(C=C12)C1=CC=CC=C1"
"298","DB07162","CC(C)(C)NS(=O)(=O)C1=CC=C(C=C1)C1=CC2=C(NN=C2N)C=C1"
"299","DB07194","[H][C@](C)(CO)NC(=O)C1=C(C)N=C(S1)C1=NC(NC2=CC(C)=CC(C)=C2)=NC=C1"
"300","DB07335","CC(C)N1N=C(C2=C1N=CN=C2N)C1=CC=CC(O)=C1"
"301","DB07402","[H][C@@]1(CC=C)C(=O)N2N(C1=O)C1=CC(C)=CC=C1N=C2N(C)C"
"302","DB07584","CC1=NN=C(N1)C1=CC=CC=C1NC1=NC=NC2=C1C=CN2"
"303","DB07585","ClC1=CNC2=C1C(=NC=N2)N1CCC2=C(C1)N=CN2"
"304","DB07615","COC1=CC=C(\C=C\C(=O)NC2=CC=CC=C2C(O)=O)C=C1OC"
"305","DB07662","BrC1=CC(NC2=C3C=C(NC(=O)C=C)C=CC3=NC=N2)=CC=C1"
"306","DB07696","[H][C@@](CC(=O)OC)(NC(=O)OC(C)(C)C)C(C)=O"
"307","DB07812","[H][C@](CN)(NC(=O)C1=CC=C(S1)C1=C2C=CNC2=NC=C1)C1=CC=CC=C1"
"308","DB07859","ClC1=CC=C(C=C1)C1(CCNCC1)C1=CC=C(C=C1)C1=CNN=C1"
"309","DB07947","ClC1=CC=C(COCCNCCNS(=O)(=O)C2=CC=CC3=CN=CC=C23)C=C1"
"310","DB07966","N#CCC1=CC=C(NC2=NC3=CC=CC=C3C(NC3=NNC(=C3)C3CC3)=N2)C=C1"
"311","DB08052","NC1=NC=NC2=C1C(=NN2C1CCCC1)C1=CC2=C(NC=C2)N=C1"
"312","DB08053","COC1=C(OC)C=C(C=C1)C1=NN(C2CCC2)C2=NC=NC(N)=C12"
"313","DB08054","CC(C)N1N=C(C2=C(N)N=CN=C12)C1=CC2=CC=CN=C2C=C1"
"314","DB08059","[H][C@@]12CCC(=O)[C@@]1(C)C[C@@H](OC(C)=O)C1=C2C(=O)C2=C3C(=CO2)C(=O)O[C@H](COC)[C@]13C"
"315","DB08067","O=C(NC1CC1)NC1=CNN=C1C1=NC2=CC=C(C[NH+]3CCOCC3)C=C2N1"
"316","DB08073","[H][C@@](N)(COC1=CN=CC(=C1)C1=CC=C2NN=C(C)C2=C1)CC1=CNC2=CC=CC=C12"
"317","DB08192","[H][C@]1(CC2=C(CN1)C=CC=C2)C1=NC(C(O)=O)=C(S1)C(C)C"
"318","DB08213","[H][C@@]1(COC2=CC=CC=C2)CCCN1S(=O)(=O)C1=CC2=C(C=C1)N(C)C(=O)C2=O"
"319","DB08229","[H]N([H])N(CC(O)=O)C(=O)CC([H])(O)C(=O)N(CC1=CC=CC=C1)CC1=CC=CC=C1"
"320","DB08251","[H][C@@](CC(O)=O)(NC(=O)C1=CN=CC(=C1)C1=CC=C(C=C1)C(O)=O)C=O"
"321","DB08329","NS(=O)(=O)C1=CC=C(C=C1)N1CCCCS1(=O)=O"
"322","DB08361","[H][C@]1(N)CCCC[C@@]1([H])NC1=NC(NC2=CC=CC(C)=C2)=C(C=N1)C(N)=O"
"323","DB08363","CCN1C2=CC=C(CNC)C=C2C2=C1C=CC=C2"
"324","DB08462","C=CC(=O)NC1=CC=C2N=CN=C(NC3=CC=CC=C3)C2=C1"
"325","DB08497","[H][C@@](OC(C)=O)(C(=O)NC1=CC=CC2=C1C(=O)C(=O)NC2=O)C1=CC=CC=C1"
"326","DB08498","[H][C@@](OC(C)=O)(C(=O)NC1=CC=CC2=C1C(=O)C(=O)NC2=O)C1=CC=CC(Cl)=C1"
"327","DB08499","FCCOC1=CC=CC(NC(=O)CCC(=O)NC2=CC=C3C(=O)NC(=O)C(=O)C3=C2)=C1"
"328","DB08564","CN(C)C\C=C\C(=O)NC1=CC=C2N=CN=C(NC3=CC(Br)=CC=C3)C2=C1"
"329","DB08590","CC(C)(C)C(=O)OC1=CC=C2N(CCCO)C(NC(=O)C3=CC(=CC=C3)[N+]([O-])=O)=NC2=C1"
"330","DB08795","[H][C@]12SC(C)(C)[C@@H](N1C(=O)[C@H]2NC(=O)[C@H](N=[N+]=[N-])C1=CC=CC=C1)C(O)=O"
"331","DB08807","CC1=CC2=C(N1)C=CC=C2OCC(CNC(C)(C)C)OC(=O)C1=CC=CC=C1"
"332","DB08814","CC(=O)OC1=C(C=CC(=C1)C(F)(F)F)C(O)=O"
"333","DB08815","[H][C@@]12[C@H]3CC[C@H](C3)[C@]1([H])C(=O)N(C[C@@H]1CCCC[C@H]1CN1CCN(CC1)C1=NSC3=CC=CC=C13)C2=O"
"334","DB08820","CC(C)(C)C1=CC(=C(O)C=C1NC(=O)C1=CNC2=CC=CC=C2C1=O)C(C)(C)C"
"335","DB08846","OC1=C(O)C2=C3C(=C1)C(=O)OC1=C3C(=CC(O)=C1O)C(=O)O2"
"336","DB08864","CC1=CC(\C=C\C#N)=CC(C)=C1NC1=CC=NC(NC2=CC=C(C=C2)C#N)=N1"
"337","DB08871","[H][C@@]12CC(=C)[C@]([H])(CC[C@@]3([H])C[C@@H](C)C(=C)[C@@]([H])(C[C@]4([H])O[C@H](C[C@H](O)CN)[C@H](OC)[C@@]4([H])CC(=O)C[C@@]4([H])CC[C@]5([H])O[C@@]6([H])[C@H]7O[C@@]8(C[C@]7([H])O[C@@]6([H])[C@@]([H])(O8)[C@@]5([H])O4)CC1)O3)O2"
"338","DB08877","N#CC[C@H](C1CCCC1)N1C=C(C=N1)C1=C2C=CNC2=NC=N1"
"339","DB08881","CCCS(=O)(=O)NC1=C(F)C(C(=O)C2=CNC3=NC=C(C=C23)C2=CC=C(Cl)C=C2)=C(F)C=C1"
"340","DB08883","O=C1N(C=C(C=C1C1=CC=CC=C1C#N)C1=NC=CC=C1)C1=CC=CC=C1"
"341","DB08895","C[C@@H]1CCN(C[C@@H]1N(C)C1=NC=NC2=C1C=CN2)C(=O)CC#N"
"342","DB08901","CN1CCN(CC2=CC=C(NC(=O)C3=CC(C#CC4=CN=C5C=CC=NN45)=C(C)C=C3)C=C2C(F)(F)F)CC1"
"343","DB08908","[H]\C(=C(\[H])C(=O)OC)C(=O)OC"
"344","DB08910","NC1=CC=CC2=C1C(=O)N(C1CCC(=O)NC1=O)C2=O"
"345","DB08911","CN1C(=O)C(C)=C2N(C(=O)N(C3CC3)C(=O)C2=C1NC1=CC=C(I)C=C1F)C1=CC(NC(C)=O)=CC=C1"
"346","DB08931","COC(=O)N(C)C1=C(N)N=C(N=C1N)C1=NN(CC2=C(F)C=CC=C2)C2=C1C=CC=N2"
"347","DB08970","[H][C@@]12CC(=C)[C@](O)(C(=O)CO)[C@@]1(C)C[C@H](O)[C@@]1(F)[C@@]2([H])CCC2=CC(=O)C=C[C@]12C"
"348","DB08971","[H][C@@]12C[C@@H](C)[C@H](C(=O)CO)[C@@]1(C)C[C@H](O)[C@@]1([H])[C@@]2([H])C[C@H](F)C2=CC(=O)C=C[C@]12C"
"349","DB08980","CC(NCCC(C1=CC=CC=C1)C1=CC=CC=C1)C1=CC=CC=C1"
"350","DB08991","COC1=CC(C)=NN1C1=NC(C)=CC(OC)=N1"
"351","DB09011","ClCCC(=O)NCC1=CC=CC=C1"
"352","DB09022","CC(CC1=CC(=CC=C1)C(F)(F)F)NCCOC(=O)C1=CC=CC=C1"
"353","DB09053","NC1=NC=NC2=C1C(=NN2[C@@H]1CCCN(C1)C(=O)C=C)C1=CC=C(OC2=CC=CC=C2)C=C1"
"354","DB09054","[H][C@@](CC)(NC1=NC=NC2=C1N=CN2)C1=NC2=CC=CC(F)=C2C(=O)N1C1=CC=CC=C1"
"355","DB09061","CCCCCC1=CC(O)=C([C@@H]2C=C(C)CC[C@H]2C(C)=C)C(O)=C1"
"356","DB09071","CCC(=O)NC[C@@H]1C[C@H]1C1=CC=CC2=C1CCO2"
"357","DB09075","CN(C)C(=O)[C@H]1CC[C@H](NC(=O)C(=O)NC2=NC=C(Cl)C=C2)[C@@H](C1)NC(=O)C1=NC2=C(CN(C)CC2)S1"
"358","DB09079","COC(=O)C1=CC=C2C(NC(=O)\C2=C(/NC2=CC=C(C=C2)N(C)C(=O)CN2CCN(C)CC2)C2=CC=CC=C2)=C1"
"359","DB09091","[H][C@@]12CC[C@](O)(C(=O)CS)[C@@]1(C)C[C@H](O)[C@@]1([H])[C@@]2([H])CCC2=CC(=O)CC[C@]12C"
"360","DB09095","[H][C@@]12C[C@@H](C)[C@H](C(=O)CO)[C@@]1(C)C[C@H](O)[C@@]1(F)[C@@]2([H])C[C@H](F)C2=CC(=O)C=C[C@]12C"
"361","DB09104","[OH-].[OH-].[Mg++]"
"362","DB09125","[K+].[K+].[K+].OC(CC([O-])=O)(CC([O-])=O)C([O-])=O"
"363","DB09130","[Cu]"
"364","DB09135","CC(=O)N(CC(O)CO)C1=C(I)C(C(=O)NCC(O)CO)=C(I)C(C(=O)NCCO)=C1I"
"365","DB09185","CCOC1=CC=CC=C1OCC1CNCCO1"
"366","DB09200","COC1=CC=C2N=C(COC3=CC=C(CC4SC(=O)NC4=O)C=C3)N(C)C2=C1"
"367","DB09212","CC(C(O)=O)C1=CC=C(CC2CCCC2=O)C=C1"
"368","DB09213","CC(C)CC1=CC=C(C=C1)[C@H](C)C(O)=O"
"369","DB09216","CC1=C(Cl)C=CC=C1NC1=CC=CC=C1C(O)=O"
"370","DB09221","NCCC(=O)N1[Zn]OC(=O)[C@@H]1CC1=CN=CN1"
"371","DB09395","[Na+].CC([O-])=O"
"372","DB09401","[H][C@]1(O)CO[C@]2([H])[C@]([H])(O)CO[C@]12[H]"
"373","DB09418","[K+].[O-][Cl](=O)(=O)=O"
"374","DB09502","[H]C(=O)[C@H]([18F])[C@@H](O)[C@H](O)[C@H](O)CO"
"375","DB11093","[Ca++].[Ca++].[Ca++].OC(CC([O-])=O)(CC([O-])=O)C([O-])=O.OC(CC([O-])=O)(CC([O-])=O)C([O-])=O"
"376","DB11348","[Ca++].[Ca++].[Ca++].[O-]P([O-])([O-])=O.[O-]P([O-])([O-])=O"
"377","DB11428","CC(C1=CN=CN1)C1=CC=CC(C)=C1C"
"378","DB11443","[H][C@]1(C)CN(C[C@@]([H])(C)N1)C1=C(F)C(F)=C2C(=O)C(=CN(C3CC3)C2=C1F)C(O)=O"
"379","DB11448","COP(=S)(OC)SCN1C(=O)C2=CC=CC=C2C1=O"
"380","DB11466","COC1=CC=C(C=C1)N1N=C(CCC(=O)N(C)O)C=C1C1=CC=C(Cl)C=C1"
"381","DB11512","CN[C@H]1[C@H](O)[C@@H](O)[C@H](CO)O[C@H]1O[C@H]1[C@H](O[C@H]2[C@H](O)[C@@H](O)[C@H](NC(N)=N)[C@@H](O)[C@@H]2NC(N)=N)O[C@@H](C)[C@]1(O)CO"
"382","DB11554","CC[C@H]1OC(=O)C[C@@H](OC(C)=O)[C@H](C)[C@@H](O[C@@H]2O[C@H](C)[C@@H](O[C@H]3C[C@@](C)(O)[C@@H](OC(=O)CC(C)C)[C@H](C)O3)[C@@H]([C@H]2O)N(C)C)[C@@H](CC=O)C[C@@H](C)C(=O)\C=C\C(\C)=C\[C@@H]1CO[C@@H]1O[C@H](C)[C@@H](O)[C@@H](OC)[C@H]1OC"
"383","DB11581","CC1(C)CCC(CN2CCN(CC2)C2=CC=C(C(=O)NS(=O)(=O)C3=CC=C(NCC4CCOCC4)C(=C3)[N+]([O-])=O)C(OC3=CN=C4NC=CC4=C3)=C2)=C(C1)C1=CC=C(Cl)C=C1"
"384","DB11586","COC1=CN=C(O[C@@H]2C[C@H](N(C2)C(=O)[C@@H](NC(=O)OC(C)(C)C)C(C)(C)C)C(=O)N[C@@]2(C[C@H]2C=C)C(=O)NS(=O)(=O)C2CC2)C2=C1C=CC(Cl)=C2"
"385","DB11587","CCN(C)[C@@H](C)[C@H](O)C1=CC=CC=C1"
"386","DB11633","C[C@@H](C1=NC(=CS1)C1=CC=C(C=C1)C#N)[C@](O)(CN1C=NC=N1)C1=C(F)C=CC(F)=C1"
"387","DB11638","[H][C@@]1(C)CC[C@@]2([H])[C@@]([H])(C)C([H])(O)O[C@]3([H])O[C@@]4(C)CC[C@]1([H])[C@@]23OO4"
"388","DB11689","CN1C=NC2=C(F)C(NC3=C(Cl)C=C(Br)C=C3)=C(C=C12)C(=O)NOCCO"
"389","DB11708","NC(=O)C1=CN=C2NC=CC2=C1N[C@H]1[C@H]2CC3C[C@@H]1C[C@@](O)(C3)C2"
"390","DB11772","COC1=CC=C(Cl)C(NC2=C(NS(=O)(=O)C3=CC(NC(=O)C(C)(C)N)=CC=C3)N=C3C=CC=CC3=N2)=C1"
"391","DB11779","CC(C)(C)OC(=O)N[C@H]1CCCCC\C=C/[C@@H]2C[C@]2(NC(=O)[C@@H]2C[C@H](CN2C1=O)OC(=O)N1CC2=CC=CC(F)=C2C1)C(=O)NS(=O)(=O)C1CC1"
"392","DB11817","CCS(=O)(=O)N1CC(CC#N)(C1)N1C=C(C=N1)C1=C2C=CNC2=NC=N1"
"393","DB11837","FC1=C(C=CC(=C1)C#N)[C@H]1CCC2=CN=CN12"
"394","DB11919","NC1=NC(OCC2=CC=CC=C2)=C2N=CNC2=N1"
"395","DB11952","C[C@H](NC1=C2N=CNC2=NC=N1)C1=CC2=CC=CC(Cl)=C2C(=O)N1C1=CC=CC=C1"
"396","DB11960","NC(=O)C1=C(N)N(CC2=CC(Cl)=C(C(=O)C3=CC=C(Cl)C=C3)C(Cl)=C2)N=N1"
"397","DB11967","CN1C=NC2=C(F)C(NC3=CC=C(Br)C=C3F)=C(C=C12)C(=O)NOCCO"
"398","DB11986","CN1CCN(CC1)C1=CC=C(C(=O)NC2=NNC3=CC=C(CC4=CC(F)=CC(F)=C4)C=C23)C(NC2CCOCC2)=C1"
"399","DB11995","OC(=O)C1CCN(CC1)C1=C(Cl)C=C(C=N1)C(=O)NC1=NC(C2=CC(Cl)=CS2)=C(S1)N1CCN(CC1)C1CCCCC1"
"400","DB12010","COC1=CC(NC2=NC=C(F)C(NC3=NC4=C(OC(C)(C)C(=O)N4COP(O)(O)=O)C=C3)=N2)=CC(OC)=C1OC"
"401","DB12015","CC1=C(SC(NC(=O)N2CCC[C@H]2C(N)=O)=N1)C1=CC(=NC=C1)C(C)(C)C(F)(F)F"
"402","DB12026","CC[C@@H]1[C@@H]2CN([C@@H]1C(=O)N[C@@]1(C[C@H]1C(F)F)C(=O)NS(=O)(=O)C1(C)CC1)C(=O)[C@@H](NC(=O)O[C@@H]1C[C@H]1CCCCC(F)(F)C1=C(O2)N=C2C=C(OC)C=CC2=N1)C(C)(C)C"
"403","DB12070","COC1=CC=CC(=C1)N1CCN(CC1)C1=NC2=C(C=CC=C2F)[C@H](CC(O)=O)N1C1=CC(=CC=C1OC)C(F)(F)F"
"404","DB12100","O[C@@H](CNCCCCCCOCC(F)(F)C1=CC=CC=C1)C1=C2C=CC(=O)NC2=C(O)C=C1"
"405","DB12140","CC1=CC(F)=CC=C1C1=C2C=CC(=O)N(C2=NC(NC(CO)CO)=N1)C1=C(F)C=CC=C1F"
"406","DB12191","COC1=CC(=N\C1=C/C1=C(C)C=C(C)N1)C1=CC2=CC=CC=C2N1"
"407","DB12289","COC1=CC=C(C=C1)C(=O)NC1=C(NC(=O)C2=CC=C(C=C2)N2CCCN(C)CC2)C(O)=CC=C1"
"408","DB12308","[H][C@@]12CC[C@H](C(C)=O)[C@@]1(C)CC[C@@]1([H])[C@@]2([H])CC[C@]2([H])C[C@H](O)CC[C@]12C"
"409","DB12340","[H][C@@](CCN1CCOCC1)(CSC1=CC=CC=C1)NC1=C(C=C(C=C1)S(=O)(=O)NC(=O)C1=CC=C(C=C1)N1CCN(CC2=C(CCC(C)(C)C2)C2=CC=C(Cl)C=C2)CC1)S(=O)(=O)C(F)(F)F"
"410","DB12483","COC1=C(OCCCN2CCOCC2)C=CC2=C1N=C(NC(=O)C1=CN=C(N)N=C1)N1CCN=C21"
"411","DB12500","CC1=CN=C(NC2=CC=C(OCCN3CCCC3)C=C2)N=C1NC1=CC=CC(=C1)S(=O)(=O)NC(C)(C)C"
"412","DB12598","NC(=N)NC1=CC=C(C=C1)C(=O)OC1=CC2=C(C=C1)C=C(C=C2)C(N)=N"
"413","DB12612","CC(C)OC1=C(C=C(C=C1)C1=NC(=NO1)C1=C2CC[C@H](NCCO)C2=CC=C1)C#N"
"414","DB12651","CC1(C)CC[C@@]2(CC[C@]3(C)[C@@H]([C@@H]2C1)C(=O)C=C1[C@@]2(C)C=C(C#N)C(=O)C(C)(C)[C@@H]2CC[C@@]31C)C(O)=O"
"415","DB12766","CC1=C(O)C2=C(C=N1)C(OC2)C1=CC=C(Cl)C=C1"
"416","DB12930","OCCN1CCN(CCCN2C3=CC=CC=C3C=CC3=CC=CC=C23)CC1"
"417","DB12996","C[C@@H]1O[C@@H](O[C@@H]2[C@@H](O)[C@H](OCCC3=CC(O)=C(O)C=C3)O[C@H](CO)[C@H]2OC(=O)\C=C\C2=CC(O)=C(O)C=C2)[C@H](O)[C@H](O)[C@H]1O"
"418","DB13044","CC(C)C1=C2C=C(C)C(=C(O)C2=C(C=O)C(O)=C1O)C1=C(O)C2=C(C=O)C(O)=C(O)C(C(C)C)=C2C=C1C"
"419","DB13254","CC[N+]1(CC)CCC(C1C)=C(C1=CC=CC=C1)C1=CC=CC=C1"
"420","DB13256","CN1CCN(CC1)C1=NC2=CC=CC=C2SC2=C1C=C(Cl)C=C2"
"421","DB13275","ClC1=CC=C(C=C1)C1C(=O)C2=CC=CC=C2C1=O"
"422","DB13286","CCCCC(C(O)=O)C(=O)N(NC1=CC=CC=C1)C1=CC=CC=C1"
"423","DB13364","CC(C)=CCC1C(=O)N(N(C1=O)C1=CC=CC=C1)C1=CC=CC=C1"
"424","DB13467","[H][C@@]1(CC[C@]2(O)[C@]3([H])CC[C@]4([H])C[C@]([H])(CC[C@]4(C)[C@@]3([H])C[C@@]([H])(O)[C@]12C)O[C@@]1([H])C[C@]([H])(O)[C@]([H])(O[C@@]2([H])C[C@]([H])(O)[C@]([H])(O[C@@]3([H])C[C@]([H])(OC(C)=O)[C@]([H])(O[C@]4([H])O[C@]([H])(CO)[C@@]([H])(O)[C@]([H])(O)[C@@]4([H])O)[C@@]([H])(C)O3)[C@@]([H])(C)O2)[C@@]([H])(C)O1)C1=CC(=O)OC1"
"425","DB13470","[H][C@]12SCC(CSC3=NC(C)=C(CC(O)=O)S3)=C(N1C(=O)[C@H]2NC(=O)C(=N/OC)\C1=CSC(N)=N1)C(O)=O"
"426","DB13499","NC(=O)C1=CC=[N+](CC2=C(N3[C@H](SC2)[C@H](NC(=O)[C@@H](C2=CC=CC=C2)S(O)(=O)=O)C3=O)C([O-])=O)C=C1"
"427","DB13520","[H][C@@]12CC3=CN(C)C4=CC=CC(=C34)[C@@]1([H])C[C@@H](CNC(=O)OCC1=CC=CC=C1)CN2C"
"428","DB13590","[Ca++].CN(C)CC(=O)OC[C@@H](O)[C@@H](O)[C@H](O)[C@@H](O)C([O-])=O.CN(C)CC(=O)OC[C@@H](O)[C@@H](O)[C@H](O)[C@@H](O)C([O-])=O"
"429","DB13592","CCN(CC)CCN1C=NC2=C1C(=O)N(C)C(=O)N2C"
"430","DB13631","CO[C@H]1[C@@H](C[C@@H]2CN3CCC4=C(NC5=CC=C(OC)C=C45)[C@H]3C[C@@H]2[C@@H]1C(=O)OC)OC(=O)C1=CC(OC)=C(OC)C(OC)=C1"
"431","DB13638","CCN1CCN(C(=O)N[C@H]([C@H](C)O)C(=O)N[C@@]2(OC)[C@H]3SCC(CSC4=NN=NN4C)=C(N3C2=O)C(O)=O)C(=O)C1=O"
"432","DB13663","NS(=O)(=O)C1=CC(=C(Cl)C=C1)S(N)(=O)=O"
"433","DB13725","CC(CC(C1=CC=CC=C1)C1=CC=CC=C1)NC(C)(C)C"
"434","DB13738","CCN(CC)CCNC(C(=O)OCCC(C)C)C1=CC=CC=C1"
"435","DB13751","[H][C@@]12C[C@](C)(CC[C@]1(C)CC[C@]1(C)C2=CC(=O)[C@]2([H])[C@@]3(C)CC[C@H](O[C@H]4O[C@@H]([C@@H](O)[C@H](O)[C@H]4O[C@@H]4O[C@@H]([C@@H](O)[C@H](O)[C@H]4O)C(O)=O)C(O)=O)C(C)(C)[C@]3([H])CC[C@@]12C)C(O)=O"
"436","DB13757","OC(CNCCNC(=O)CC1=CC=C(O)C=C1)COC1=CC=CC=C1C#N"
"437","DB13772","CN1CCN(CC1)C1=C(F)C=C2C(=O)C(=CN3CCSC1=C23)C(O)=O"
"438","DB13779","NC(=N)NNCCOC1=C(Cl)C=CC=C1Cl"
"439","DB13791","OC1(CCN(CCCC(C2=CC=C(F)C=C2)C2=CC=C(F)C=C2)CC1)C1=CC(=C(Cl)C=C1)C(F)(F)F"
"440","DB13841","[H]C(CCN1CCN(CCO)CC1)=C1C2=C(SC3=C1C=C(Cl)C=C3)C=CC=C2"
"441","DB13844","CC[N+]1(C)CCCC(C1)OC(=O)C(O)(C1=CC=CC=C1)C1=CC=CC=C1"
"442","DB13866","[H][C@@]12CC[C@@](O)(C#C)[C@@]1(C)CC[C@]1([H])[C@@]3([H])CC[C@H](O)C=C3CC[C@@]21[H]"
"443","DB13874","CC(C)(O)CNC1=NC(=NC(NC2=CC(=NC=C2)C(F)(F)F)=N1)C1=NC(=CC=C1)C(F)(F)F"
"444","DB13879","[H][C@@]12CN(C(=O)[C@@]([H])(NC(=O)O[C@]3([H])CCC[C@@]3([H])OC\C=C\C(F)(F)C3=NC4=C(C=CC=C4)N=C3O1)C(C)(C)C)[C@@]([H])(C2)C(=O)N[C@@]1(C[C@H]1C(F)F)C(=O)NS(=O)(=O)C1(C)CC1"
"445","DB13919","CCOC1=NC2=CC=CC(C(O)=O)=C2N1CC1=CC=C(C=C1)C1=CC=CC=C1C1=NN=NN1"
"446","DB13943","C[C@]12CC[C@H]3[C@@H](CCC4=CC(=O)CC[C@]34C)[C@@H]1CC[C@@H]2OC(=O)CCC1CCCC1"
"447","DB13952","[H][C@@]12CC[C@H](O)[C@@]1(C)CC[C@]1([H])C3=CC=C(OC(C)=O)C=C3CC[C@@]21[H]"
"448","DB13984","C1CC1"
"449","DB14055","CC(=O)C[C@@H](C1=CC=CC=C1)C1=C(O)C2=C(OC1=O)C=CC=C2"
"450","DB14094","CC(C)CCC[C@@H](C)CCC[C@@H](C)CCC[C@@](C)(O)CCC1=C(C)C(=O)C(C)=C(C)C1=O"
"451","DB14185","CCCCCCCCCCCC(=O)OCN1C(=O)CCC2=CC=C(OCCCCN3CCN(CC3)C3=C(Cl)C(Cl)=CC=C3)C=C12"
"452","DB14217","C[C@H](N[C@@H](CCC1=CC=CC=C1)C(O)=O)C(=O)N1CC2=C(C[C@H]1C(O)=O)C=CC=C2"
"453","DB14481","O.O.[Ca++].OP([O-])([O-])=O"
"454","DB14487","[Zn++].CC([O-])=O.CC([O-])=O"
"455","DB14500","[KH]"
"456","DB14533","[Cl-].[Cl-].[Zn++]"
"457","DB14539","[H][C@@]12CC[C@](O)(C(=O)COC(C)=O)[C@@]1(C)C[C@H](O)[C@@]1([H])[C@@]2([H])CCC2=CC(=O)CC[C@]12C"
"458","DB14541","[H][C@@]12CC[C@](O)(C(=O)COC(=O)CCC3CCCC3)[C@@]1(C)C[C@H](O)[C@@]1([H])[C@@]2([H])CCC2=CC(=O)CC[C@]12C"
"459","DB14545","[H][C@@]12CC[C@](O)(C(=O)COC(=O)CCC(O)=O)[C@@]1(C)C[C@H](O)[C@@]1([H])[C@@]2([H])CCC2=CC(=O)CC[C@]12C"
"460","DB14652","[H][C@@]12C[C@@H](C)[C@H](C(=O)COC(C)=O)[C@@]1(C)C[C@H](O)[C@@]1(Cl)[C@@]2([H])C[C@H](F)C2=CC(=O)C=C[C@]12C"
"461","DB14715","OC(=O)CCC(=O)OC1N=C(C2=CC=CC=C2Cl)C2=CC(Br)=CC=C2NC1=O"
"462","DB14845","O=C(NC1=NN2C(C=CC=C2C2=CC=C(CN3CCS(=O)(=O)CC3)C=C2)=N1)C1CC1"
"463","DB15035","NC(=O)C1=C2NCC[C@@H](C3CCN(CC3)C(=O)C=C)N2N=C1C1=CC=C(OC2=CC=CC=C2)C=C1"
"464","DB15091","CC[C@@H]1CN(C[C@@H]1C1=CN=C2C=NC3=C(C=CN3)N12)C(=O)NCC(F)(F)F"
"465","DB15444","C[C@@H]1CN(C2=NC(=CC=C2C(=O)NS(=O)(=O)C2=CN(C)N=C2C)N2C=CC(OCC(C)(C)C(F)(F)F)=N2)C(C)(C)C1"
"466","DB15598","[Fe+3].CC1=C([O-])C(=O)C=CO1.CC1=C([O-])C(=O)C=CO1.CC1=C([O-])C(=O)C=CO1"
"467","DB15822","CO[C@]1(CC[C@@H](CC1)C1=NC(NC2=NNC(C)=C2)=CC(C)=N1)C(=O)N[C@@H](C)C1=CC=C(N=C1)N1C=C(F)C=N1"
"468","DB15982","NCC1=CC(=CC=C1)N1N=C(C=C1C(=O)NC1=CC(=CC=C1F)[C@H](NCC1CC1)C1=CC=CC(=C1)C#N)C(F)(F)F"
